id,title,description,goal_amount,collected_amount,city,end_date,main_text,fund_id
0,Помогите храму-маяку в Крохино быть услышанным,"Свои первые наручные часики Геля Рыстакова, школьница из затопленного в 1960-х села Крохино, купила на деньги, заработанные на археологических раскопках в окрестностях родного села, в Старом городе — так называлось место в истоке Шексны, где с IX по XIV век стоял город Белоозеро.  Именно здесь, как рассказывает «Повесть временных лет», более тысячи лет назад сел на княжение Синеус, брат Рюрика, от которого несколько столетий вели родословную русские цари.  Сколько тайн хранила эта земля! Но чтобы раскрыть их, учёным нужно было спешить: развернулось грандиозное строительство Волго-Балтийского водного пути, эти земли с древней историей подлежали затоплению. О затопленном Крохине уже давно забыли бы, если бы не единственное уцелевшее здание села — полуразрушенная церковь Рождества Христова. Её не разобрали благодаря маяку, который во второй половине 1950-х установили на церковном куполе. Спустя несколько лет маяк стал не нужен, и храм остался один на один с водой и временем. Но храм-маяк выстоял, а в 2010 году его сохранением занялся Фонд «Крохино». Первые годы волонтёры вручную разбирали завалы кирпичей, укрепляли подточенные водой стены, строили волнозащитную дамбу. Потом вокруг храма был возведён искусственный остров, защищающий стены от волн и льда.  На колокольне провели консервационные работы, а летом прошлого года в ней зажёгся свет — в память обо всех затопленных деревнях и сёлах Белозерья. При сохранении знакового памятника Фонду было важно погрузиться в историю, составить экскурсию и продумать маршрут, чтобы об этом месте узнавали люди, находились помощники и единомышленники. Многие десятилетия здесь не было ничего, кроме воды. Однако со временем на затопленную территорию начала возвращаться суша.  От разобранных домов остались каменные фундаменты — в них годами скапливались ил и почва, начал расти тростник, а затем кусты и деревья. И сейчас уже можно пройтись по «улицам» села. На его месте, на берегу Шексны, Фонд «Крохино» начал создание Мемориального парка Крохинского посада. «Сколько у вас тут работы проделано, это место не узнать! — Ангелина Ивановна Рыстакова и Галина Сергеевна Коварда, уроженки Крохина, впервые после затопления вновь приехали сюда осенью 2021 года.  «Я в 1959 году как уехала, так и не бывала. Вот здесь, недалеко от храма, наша школа-семилетка стояла, а дальше на берегу озера был “пятачок”, где на танцы собирались, — вспоминает Ангелина Ивановна. —  Но теперь здесь хочется бывать, место оживает!» Сейчас по территории затопленного села прокладывается сеть деревянных дорожек на сваях, и уже можно прогуляться по нескольким «кварталам» посада. Одна из дорожек ведёт к архитектурной инсталляции с названием села — эти буквы длиной в 25 метров хорошо видны с борта всех проходящих мимо судов, а по Волго-Балту за сезон проплывает больше трёхсот тысяч туристов.  Теперь все они знают, как называется место, где стоит единственный в России уцелевший затопленный храм — Крохино. Сколько всего можно узнать на этих экскурсиях! Например, в 1817 году на Крохинской пристани два дня стояли суда, перевозившие из Петербурга в Москву памятник Минину и Пожарскому. Двумя столетиями раньше крохинские крестьяне ловили рыбу «на царский обиход» — об этом говорит найденный в архиве документ, датированный 1664 годом. А сколько событий уже недавней, советской истории хранят воспоминания переселенцев. Экскурсия, которую проводят по храмовому острову и территории бывшего посада волонтёры-экскурсоводы, занимает не меньше полутора часов. Этого времени хватает, чтобы оглядеть с пирса просторы реки Шексны, осмотреть храм-маяк, пройтись по «улицам» села.  В прошлом году на экскурсиях побывали более двухсот человек, в следующем сезоне гостей будет ещё больше.  Чтобы принимать многочисленные (более 10 человек) экскурсионные группы, команде волонтёров нужны радиогиды, позволяющие слышать экскурсовода даже на отдалении. Фонд «Крохино» собирает 250 000 рублей, чтобы купить это важное оборудование. В 2023 году мы с вами собрали деньги на создание мозаичной иконы из осколков фресок Крохинского храма, а потом помогли защитить его колокольню. В 2024 благодаря вам продолжилась исследовательская работа в архивах. Давайте и дальше поддерживать этот уникальный проект. С появлением радиогидов ещё больше людей смогут прикоснуться к крохинской истории, истории о нас сегодняшних, о нашем отношении к прошлому, о ценности наследия и нашем будущем. Сохраним память затопленных территорий. Поможем храму-маяку быть услышанным!",250000,123711,Вологда,До 14 февраля 2026,"Благотворительный фонд «Крохино» занимается сохранением храма-маяка на Белом озере и памяти о затопленном селе Крохино́. Мы собираем деньги на радиогиды, чтобы проводить экскурсии на территории храмового острова и Крохинского посада. Давайте поддержим этот уникальный проект. Пусть как можно больше людей прикоснутся к крохинской истории.",0
1,Поможем многим — быстро и эффективно,"Обучить врачей лучшим в мире методикам лечения, привезти продукты и лекарства одиноким старикам, оплатить проезд для детей в главные медцентры страны, поддержать работу ветеринаров, подобрать репетиторов для детей-сирот и психологов для тех, кто столкнулся с насилием, купить оборудование для спасения лесов от пожаров… Всё это — важнейшие системные проекты благотворительных фондов, которые решают масштабные проблемы по всей стране. Поддержать такие проекты можем мы с вами. Но как выбрать, кому помочь в первую очередь, делая так, чтобы мой вклад был эффективным? Фонд «Код Добра» помогает каждому поддерживать сотни некоммерческих организаций и их подопечных, не тратя времени на выбор. Такая поддержка важна — без преувеличения — для тысяч людей по всей стране. Чтобы проект работал, фонд «Код Добра» собирает 1 000 000 рублей.  Эти деньги будут распределены между фондами-партнёрами VK Добра — самыми честными и эффективными благотворительными организациями в России.  Деньги пойдут на развитие системных проектов — то есть таких, которые решают масштабные социальные проблемы по всей стране. Давайте вместе менять к лучшему жизни тысяч людей по всей стране!",1000000,933812,Москва,До 1 января 2026,"Мы собираем деньги на поддержку системных проектов честных благотворительных фондов — то есть таких, которые решают масштабные социальные проблемы по всей стране. Давайте вместе помогать детям, взрослым и животным, проектам в области науки и культуры.",1
2,Скажем «нет» кибербуллингу,"В ноябре VK проводит «Месяц осведомленности о кибербуллинге» — социальный проект, который помогает говорить о проблеме открыто, учит осознанности в онлайн-коммуникации и поддерживает тех, кому особенно нужна помощь. Мы стремимся объединить всех, для кого любое насилие в сети, включая пассивную агрессию, бездействие свидетелей или бездумные комментарии — недопустимо. Слоган проекта гласит: «Каждое действие в сети – это выбор. Делай правильный» Давайте выберем бережность — словами, действиями и вниманием друг к другу. Присоединяйтесь к нашему проекту на kiberbulling.net, рассказывайте о нем, делитесь материалами, ставьте хэштег #неткибербуллингу и белое эмодзи-сердце как знак солидарности со всеми пострадавшими от травли в интернете. А еще давайте поддержим благотворительные организации, помогающие сотням людей, которые прямо сейчас сталкиваются с агрессией в сети. Мы собираем 1 500 000 рублей на поддержку организаций, которые оказывают психологическую помощь пострадавшим от травли и работают над профилактикой агрессии. В их числе: Благотворительный проект «1221» Анонимный чат психологической поддержки для подростков и молодых людей от 12 лет до 21 года. Специалисты проекта помогают тем, кто столкнулся с травлей и давлением в сети, конфликтами и трудными эмоциями.  Благотворительная организация «Журавлик» Организация развивает программы, направленные на предотвращение травли среди подростков, обучает взрослых и создает работающие инструменты, которые помогают школам и семьям противостоять агрессии. Кризисный центр для женщин «ПОЛИНА» Центр дает бесплатные консультации, оказывает психологическую помощь и поддержку женщинам, которые испытывают давление, угрозы, онлайн-агрессию и подвергаются сталкингу. Программа «Школа поддержки» фонда «Новый учитель»  Проект помощи школьным психологам, которые работают с подростками в кризисных ситуациях. Травля в сети может случиться с каждым, но каждый из нас может сделать выбор — остановить агрессию, поддержать, или пройти мимо. Пусть интернет будет пространством, где слышат, помогают и понимают!",1500000,874813,Москва,До 17 ноября 2026,"Согласно исследованию VK, 21% молодежи в возрасте 14-22 лет становились жертвами кибербуллинга, а 65% наблюдали его проявление. Мы собираем деньги, чтобы поддерживать работу организаций, помогающих тем, кто каждый день сталкивается с агрессией в сети. Пусть тысячи людей живут без страха за свою жизнь!",1
3,Не просто стены: новая жизнь для старинного храма,"Село Курба в Ярославской области — место с историей. Здесь в 1770 году построили храм Казанской иконы Божией Матери, который по форме похож на цветок с 16-ю лепестками. Он такой единственный в мире.  «Казанский храм — наша самая первая достопримечательность. Он очень нужен Курбе, это наша история», — говорят жители села. Церковь считается уникальным памятником русского зодчества и настоящей жемчужиной ярославской художественной школы. Она от пола до потолка расписана многочисленными сюжетами на библейские темы. Когда-то храм был духовным центром села, но в XX веке во время катастроф и войн многое изменилось. В советское время здание использовали как машинно-тракторную станцию, а позже — как склад удобрений. Из-за этого внутри накопилось почти 500 тонн грунта и мусора. Фундаменты храма находятся в воде, стены постоянно увлажненные, а фрески осыпаются. Храм так бы и оставался в плачевном состоянии, но на помощь пришел фонд «Белый Ирис», который в 2016 году взял его под опеку. За это время при поддержке государства и неравнодушных людей сотрудники фонда поставили временную кровлю, закрыли окна и укрепили конструкции. Здание стало неуязвимо для снега и дождя.  В 2023 году «Белый Ирис» разработал проект полноценной реставрации. Первый шаг — вывоз мусора. Без этого невозможно начать работы по укреплению фундамента, а без фундамента — не сохранить роспись и стены. «Возрождая храм, мы не просто восстанавливаем каменные стены и деревянные перекрытия, а возвращаем тепло душ наших предков и возрождаем веру в лучшее будущее, — рассказывает директор „Белого Ириса“ Ольга Шитова. — Это важно для каждого из нас, ведь такие места помогают людям сохранить чувство принадлежности к своим корням». Сейчас фонд «Белый Ирис» собирает 450 000 рублей на оплату услуг экскаватора, чтобы вывезти оставшийся грунт. Работы продлятся месяц. Стоимость одного дня работы экскаватора — 15 000 рублей. Давайте поможем Казанскому храму в Курбе — пусть он снова станет местом силы для сельчан!",450000,77158,Ярославль,До 15 января 2026,"Храм Казанской иконы Божией Матери в селе Курба Ярославской области пережил несколько войн и забвение. Церковь выстояла, но у нее отсырели стены и портятся уникальные фрески, нарисованные мастерами ярославской школы еще в XVIII веке. Мы собираем деньги на укрепление фундамента храма, чтобы он не исчез навсегда.",2
4,Егор мечтает вернуться к жизни после ДТП,"«Егор всегда был разносторонней личностью, любил животных, помогал бабушкам и дедушкам. А ещё занимался карате и много читал, сочинял стихи для песен и учился играть на гитаре», — рассказывает о сыне Ирина. В прошлом году в жизни 16-летнего Егора начался новый этап: он окончил школу и поступил в политехнический колледж. Выбрал одну из самых сложных специальностей — «оператор станков с числовым программным управлением». Вот только учиться так и не начал. Прошлым летом Егора сбила машина. Водитель не остановился на пешеходном переходе. В больницу парень поступил в крайне тяжёлом, угрожающем жизни состоянии: переломы со смещением осколков, травмы внутренних органов. Врачам пришлось ввести Егора в медикаментозную кому и подключить к аппарату искусственной вентиляции лёгких. Егор до сих пор находится в вегетативном состоянии — дышит и питается через трубки. Как только состояние Егора стабилизировалось, врачи объяснили его маме, что восстановление парня зависит только от реабилитации, она должна быть грамотной и интенсивной. Ирина тут же связалась с одним из лучших реабилитационных центров страны «МЕДСИ» и договорилась о лечении. Вот только курсов восстановления Егору нужно много, и каждый стоит огромных денег. Семье удалось оплатить для Егора первые этапы лечения. На это ушли все сбережения семьи, помогли родственники, друзья и неравнодушные люди, которые отозвались на публикации в соцсетях. К счастью, организм мальчика хорошо отреагировал на процедуры, Егору стало заметно лучше: сейчас он может несколько часов дышать с заглушкой и самостоятельно съедает порцию пюре — для него это огромный успех. Врачи говорят, что надежда на восстановление есть, но нужно поторопиться. Для таких пациентов как Егор — людей, попавших в ДТП, — решающими оказываются первые восемь-девять месяцев после травмы. В это время больше всего шансов на восстановление. Так что всё это время он должен постоянно заниматься со специалистами. Вот только бесплатно необходимую Егору реабилитацию не получить, а семья больше не в силах её оплачивать. Благотворительный фонд «Красивые дети в красивом мире» собирает 500 000 рублей — это частичная стоимость курса лечения, благодаря которому Егор снова научится дышать, глотать и двигаться. Давайте поможем сильному парню сделать ещё один шаг к восстановлению. Пусть Егор вернётся к жизни!",500000,225870,Москва,До 1 января 2026,"Недавно Егор окончил школу и поступил в колледж, впереди у него было столько планов. Увы, полгода назад жизнь парня и его семьи перевернулась: на пешеходном переходе Егора сбила машина. Мы собираем деньги на реабилитацию, благодаря которой он снова научится дышать, глотать и двигаться. Давайте поможем Егору восстановиться.",3
5,«Жить в красоте»: защитим Байкал от мусора,"Общественная организация «Мой Байкал» уже несколько лет борется с мусором в Иркутской области. В ее проекте «Экодесант» участвуют волонтеры, которые раз в два месяца приезжают в прибрежные поселки: Куреть, Таловку, Бугульдейку, Нарин-Кунту, Еланцы, Сахюрту и Косую степь.  Волонтеры принимают вторсырье, рассказывают о переработке, а еще — помогают местным жителям изменить экопривычки. «В некоторых поселках нет нормального вывоза отходов. Люди просто не знают, куда девать мусор, — говорит руководитель организации “Мой Байкал” Надежда Николаева. — Мы стараемся показать, что можно по-другому: сортировать, сдавать, перерабатывать. Жить в чистоте и красоте — это реально». За девять лет работы проекта волонтеры собрали и отправили на переработку больше 20 тонн отходов — пластика, макулатуры, металла. Все это вторсырье они передали перерабатывающим компаниям Иркутска.  Благодаря таким выездам вокруг Байкала становится меньше стихийных свалок, а жители поселков начинают сортировать мусор сами. В проект вовлекаются и дети. Они первыми бегут на пункт приема, несут пластиковые бутылки, бумагу и металл. Школьники устраивают в классах экологические уроки и просят родителей «не бросать мусор где попало».  Из этих маленьких шагов складываются большие перемены: с каждым годом поселков, где люди сортируют отходы, становится все больше. Всего в «Экодесанте» шесть волонтеров. Вместе они планируют собрать около 10 тонн отходов в новом цикле проекта. Работа эта непростая: нужно добираться по бездорожью, сортировать мусор, вывозить его, отправлять на переработку. На это уходят время, силы и деньги. Но другого пути нет — Байкал нуждается в постоянной заботе. «Мы видим, как меняется настроение людей. Еще пару лет назад в некоторых поселках к нам относились настороженно, а теперь ждут нас круглый год. Звонят, спрашивают, когда приедем принимать вторсырье. А значит, все не зря», — делится Надежда. Фонд «Мой Байкал» собирает 300 000 рублей на проведение «Экодесанта» — регулярных экологических выездов по прибрежным поселкам. Средства пойдут на транспорт для вывоза отходов, проживание и питание волонтеров, а также оплату работы координаторов. Давайте поддержим тех, кто защищает чистоту Байкала!",300000,14937,Иркутск,До 30 сентября 2026,"«Байкал — наша национальная гордость», — говорит почти каждый россиянин. Но как защищать его, если живешь за тысячи километров от озера? Решение есть — поддержать акции «Экодесанта». Это благотворительный проект по сбору и переработке вторсырья. Мы собираем деньги на транспорт для вывоза мусора, доставку, проживание и питание волонтеров, а также оплату работы координаторов. Пусть самое глубокое озеро в мире остается чистым!",4
8,Теплые вещи для Сергея и сотен людей в беде,"Несколько лет назад Сергей* потерял документы — заснул на лавочке после смены курьером, и все пропало. С тех пор он живет случайными заработками по 200–300 рублей в день.  «Домой я не вернусь, пока не заработаю денег. Уехал на заработки — значит, вернуться должен с деньгами», — говорит он.  Сейчас для мужчины куртка или ботинки — это не про внешний вид, а про возможность не замерзнуть, сохранить здоровье и достоинство. Историй, похожих на его, тысячи. Каждый бездомный человек оказывается в своем замкнутом круге. Но из него есть выход, и часто он начинается с простого — чистой и удобной одежды.  Когда у человека появляется теплая куртка, он начинает чувствовать себя немного увереннее. С этого шага уже проще восстановить документы, найти медицинскую помощь, попробовать устроиться на работу. Фонд «Второе дыхание» уже десять лет собирает и сортирует вещи, чтобы они могли продолжить жизнь там, где они действительно нужны. Одежду принимают, проверяют, перебирают, стирают и передают партнерам — организациям, которые напрямую помогают бездомным людям.  Сейчас особенно важно подготовить их к холодному сезону. Чтобы 1700 человек получили помощь, необходимо отгрузить более двух тонн одежды. Для этого фонду нужны ресурсы на аренду сортировочного центра, где сотрудники и волонтеры перебирают вещи, готовят их к выдаче и формируют партии для партнеров.  Кроме того, средства пойдут на оплату работы грузчика и логиста — людей, которые отвечают за то, чтобы каждая вещь дошла до нужного адреса в срок. Фонд «Второе дыхание» собирает 97 000 рублей на аренду сортировочного центра и оплату работы сотрудников, чтобы подготовить и передать одежду партнерской организации в Москве и помочь 1700 бездомным людям встретить холода. Давайте поддержим сбор — пусть у Сергея и сотен других людей в похожей ситуации будут теплые вещи, которые станут первым шагом к новой жизни! *Имя изменено по просьбе подопечного фонда",97000,81736,Москва,До 19 февраля 2026,"Осень — это яркие листья, горячий чай и красивые свитера. А для людей, оставшихся без дома — начало самого сложного сезона. Когда нет своего угла, и ночевать приходится в подъезде или на вокзале, теплые вещи становятся не просто удобством, а вопросом здоровья и жизни. Мы собираем деньги на подготовку и передачу больше двух тонн одежды бездомным людям. Пусть они встретят холода подготовленными!",7
9,Пусть Оля услышит мир,"Оле 13 лет, и она, как любой подросток, проходит через множество этапов взросления. Несмотря на свои диагнозы, Оля научилась мыть посуду, пылесосить и помогать маме по дому. Каждое ее движение — это маленькая победа в преодолении ДЦП и нейросенсорной тугоухости 4-й степени, которая фактически приводит к полной глухоте. В возрасте трех лет Оле установили кохлеарный имплант — устройство, которое помогает ей слышать, воздействуя на слуховой нерв. Хотя Оля не разговаривает, имплант позволяет ей воспринимать звуки и познавать мир. Она увлечена конструкторами и головоломками, часами собирает их, и чем сложнее задача, тем интереснее для нее. Оля также любит узнавать новое: записывает незнакомые слова и ищет их значения в интернете, расширяя свои знания о мире. Как и любое устройство, кохлеарный имплант требует замены комплектующих, чтобы продолжать работать эффективно. По системе обязательного медицинского страхования такие комплектующие предоставляются раз в пять лет, но их хватает лишь на год эксплуатации и они не покрывают все необходимые механизмы. Мы собираем 166 200 рублей на новый кохлеарный имплант для Оли, чтобы она слышала звуки нашего мира и могла ему радоваться. Давайте поддержим девочку и не дадим ей остаться в одинокой тишине",166200,105950,Кострома,До 24 декабря 2025,"Оле 13 лет, и она стремится познавать мир, несмотря на диагнозы — ДЦП и тяжелая тугоухость. Чтобы ее кохлеарный имплант, помогающий слышать, продолжал работать, необходимы новые комплектующие. Давайте поможем Оле лучше слышать этот мир и радоваться ему.",8
10,Опора для Ивана — мужчины с ДЦП,"У Ивана детский церебральный паралич и спастическая диплегия — болезнь, при которой из-за повышенного мышечного тонуса поражены мышцы рук и ног. Он не может самостоятельно передвигаться и нуждается в постоянной помощи.  На протяжении многих лет главной опорой для него были родители. Три года назад папы не стало, и теперь рядом с Иваном — только мама Марианна. Каждый день женщина делает все сама: кормит сына, умывает, помогает ему пересаживаться в коляску, водит на прогулки.  Иван — крепкий мужчина, и такие действия требуют большой физической силы.  Одной справляться все труднее, и иногда Марианне приходится просить о помощи соседей или знакомых. Это тяжело и для нее, и для Ивана, который очень ценит самостоятельность. При этом Ваня остается удивительно открытым и любознательным. Он много читает, смотрит записи спектаклей и цирковых номеров, общается с друзьями в соцсетях.  Они приходят к парню в гости, поддерживают, обсуждают с ним увиденное и прочитанное.  Ване важно быть частью жизни, а не наблюдать за ней издалека. Чтобы облегчить уход и сделать перемещения безопасными, Ивану необходим электрический передвижной подъемник для дома. Это устройство поможет аккуратно поднимать и пересаживать его, снимет основную нагрузку с мамы и уберет постоянный страх травм — и для нее, и для сына.  Как говорит Марианна, подъемник нужен, «чтобы продолжать жить жизнь». Фонд «География Добра» собирает 197 100 рублей на покупку электрического передвижного подъемника для Ивана. Давайте поддержим сбор — пусть у Ивана и его мамы появится надежный помощник в быту!",197100,180,Санкт-Петербург,До 11 февраля 2026,"Ивану 30 лет. Он любит цирк, театр и внимательно следит за новыми постановками. Несмотря на двигательные ограничения, он остается удивительно жизнерадостным. Сейчас мужчине не хватает одного — свободы передвижения. Мы собираем деньги на электрический  подъемник, с помощью которого мама сможет безопасно поднимать и пересаживать сына в коляску. Пусть жизнь семьи станет немного легче!",8
11,Люди и белые медведи: мирное соседство в Арктике,"Василий уже больше 10 лет — участник «Медвежьего патруля». Вместе с другими добровольцами он отгоняет медведей от поселка Нешкан. В последние два года их стало особенно много, говорит мужчина, поэтому работы по «отгонам» всегда много.  «Зачем медведи приходят в поселки? В первую очередь их привлекает запах еды. Когда на море держится лед, хищники могут охотиться на тюленей, — объясняет Василий.  — Сейчас льды стали таять намного быстрее, и медведи оказываются на суше, где ищут себе пропитание. Но очень сложно найти то, что по калорийности заменит им тюленье мясо. Именно так медведи оказываются у человеческих поселений».   Если не прогонять хищников, они перестают бояться людей и приходят в поселки все чаще.  Поэтому самый эффективный способ мирного сосуществования — держать медведей на расстоянии, уверены патрульные. Василий вспоминает случай, произошедший несколько лет назад. Патрульные тогда долго не могли отогнать от села медведицу. После отгонов она регулярно возвращалась, лежала на окраине села и будто чего-то ждала.  Только потом добровольцы обнаружили, что в один из контейнеров для хранения вещей и провизии залез ее медвежонок и не мог выбраться. После воссоединения семьи хищница больше не возвращалась. Чтобы быстро и безопасно отогнать белого медведя, необходима специальная техника: снегоход, квадроцикл, средства для отпугивания. А еще — топливо и запчасти. Все это требуется круглый год, особенно летом и осенью. Фонд «Природа и люди» собирает 300 000 рублей для «Медвежьих патрулей» в Нешкане, Инчоуне, Уэлене, Энурмино, Амдерме, Рыркайпии и Биллингсе. Деньги пойдут на покупку топлива, запчастей для квадроциклов и снегоходов, а также средств отпугивания, которые помогут патрульным отгонять белых медведей от арктических поселков. Давайте поддержим сбор — пусть люди и белые медведи остаются мирными соседями! Фото Максима Деминова",300000,582,Другой город,До 31 мая 2026,"Каждый год, когда арктические моря освобождаются ото льда, в прибрежные поселки Арктики приходят гости — белые медведи. Их появление несет большие риски для местных жителей. Мы собираем деньги на бензин и запчасти для снегоходов и квадроциклов, а также средства отпугивания, которые помогают добровольцам — участникам «Медвежьих патрулей» — отгонять хищников от поселков. Пусть люди и медведи живут в мире!",11
12,Важнейшая забота о лошади Пржевальского,"Лошадь Пржевальского — вид лошади, который никогда не приручался и жил отдельно от человека. К 1969 году они исчезли из дикой природы.  Из всего рода сохранилось лишь 12 животных в зоопарках и питомниках — именно от них происходит нынешняя мировая популяция, насчитывающая около трех тысяч особей. Лошади Пржевальского в Предуральской степи. Фото: Булгаков Евгений Сейчас в «Оренбургском» живут 115 лошадей. С 2015 года здесь выводят полувольную популяцию, которая к 2030 году должна стать устойчивой — от 120 до 150 особей.  Это позволит вернуть вид обратно в дикую природу. Фонд «Природа и люди» помогает находить технику для ухода за территорией и создавать в заповеднике большую инфраструктуру: просторные участки, наблюдательные вышки. Лошади Пржевальского в Предуральской степи. Фото: Булгаков Евгений Но суровые условия и годы эксплуатации берут свое. Часть оборудования вышла из строя, а объем работы вырос вместе с численностью лошадей.  Заповеднику жизненно необходима замена и увеличение количества техники, чтобы поддерживать животных, следить за их состоянием и сохранять экосистему степей.  Лошадь Пржевальского в Предуральской степи. Фото: Булгаков Евгений «В преддверии года лошади мы хотим напомнить, что в наших степях до сих пор живут удивительные создания, которых однажды мы едва не потеряли навсегда, — говорит гендиректор фонда “Природа и люди” Сергей Рыбаков.  — Наша миссия — не только рассказать всем как можно больше о замечательных лошадях Пржевальского, но и внести реальный вклад в их сохранение. Надеемся, что дикий топот копыт никогда не смолкнет в оренбургских степях». Крупные дикие копытные — важная часть здоровой степной экосистемы. Поедая растительность, они помогают удерживать баланс видов и снижают риски сильных пожаров: меньше сухой подстилки — ниже скорость распространения огня. Заботиться о лошадях — значит помогать всей экосистеме. Фонд «Природа и люди» собирает средства, чтобы закупить необходимое оборудование для заповедника. Давайте поддержим сбор — пусть краснокнижные лошади Пржевальского вернутся в дикую природу!",300000,1500,Оренбург,До 17 декабря 2026,"Когда-то лошади Пржевальского паслись огромными табунами в Западной Сибири, Монголии и Китае. Сегодня их насчитывается около трех тысяч во всем мире. В России единственная полувольная популяция обитает в государственном природном заповеднике «Оренбургский». Мы собираем деньги на необходимое оборудование, без которого невозможно ухаживать за животными. Давайте поддержим восстановление популяции диких лошадей!",11
13,Накормим Олси и ее друзей,"Олси — тихая, пушистая и невероятно обаятельная кошка, которая обожает находиться рядом с людьми. Она не требует внимания, но если сесть рядом, аккуратно подставит голову под ладонь.  Олси попала в приют еще подростком, вместе со своими двумя сестрами. С тех пор прошло много месяцев. Сестры давно нашли дом, а Олси все еще остается. Никто из волонтеров не знает, почему. В приюте каждый день начинается одинаково — с кормления. Это важнейший ритуал: без него у хвостиков не будет ни игры, ни лечения, ни просто хорошего настроения. В «Ласке» кормят кошек сухим кормом — универсальным и безопасным. Его проще подбирать для животных, о прошлом которых мало что известно.  А таких — большинство. Кто-то попал с улицы, кто-то бросили хозяева, кто-то приблудился. Каждый день на всех животных уходит около пяти килограммов сухого корма. Это значит, что за три месяца нужно почти полтонны.  И при этом важно, чтобы корм был не просто доступным, а качественным: от него зависит пищеварение, состояние шерсти, активность и настроение. От него, в какой-то степени, зависит и то, как быстро кошка восстановится, поверит людям и сможет по-настоящему ждать своего человека. Приют «Ласка» собирает 225 000 рублей на 450 килограммов сухого корма для 150 кошек. Этих запасов хватит на три месяца. Поддержите Олси и ее друзей — пусть хвостики не остаются голодными!",225000,59506,Барнаул,До 31 декабря 2025,"В приюте «Ласка» живут около 150 кошек. Каждый день волонтеры заботятся о них, убирают, лечат, гладят, но одна задача всегда стоит на первом месте — накормить. Мы собираем деньги на запас качественного сухого корма. Пусть хвостики будут сыты!",13
14,Согреем бездомных животных этой зимой,"«Тристан, наш мохнатый герой с фотографии, редко мурлычет. Он попал в приют после долгих скитаний, пережив мороз и голод, что оставило отпечаток на его характере и поведении, — рассказывает Марина, младший ветеринарный сотрудник приюта. — Возможно, именно поэтому такой красивый котик с выразительными, хитрыми изумрудными глазами до сих пор не нашел свой дом. Но стоит ему устроиться на мягкой теплой батарее, как он начинает урчать, как трактор», — рассказывает Марина, младший ветеринарный сотрудник приюта. Сегодня в приюте «Ласка» вместе с Тристаном живут еще 150 котиков. Для них тепло — это не просто комфорт, а настоящая защита и здоровье. В приюте также содержится почти 700 собак, большая часть которых проживает в уличных вольерах. Однако «пенсионеры», «пионеры» (маленькие щенки), а также «лысики» и собаки, находящиеся на лечении, размещаются внутри помещения. Всего более 200 собак. — К сожалению, у нас нет центрального отопления, так как приют расположен за пределами жилого сектора, и сюда не проведено теплоснабжение, — рассказывают сотрудники приюта. Наши помещения отапливаются с помощью автономных котлов «Магма» длительного горения. Котлы работают только на угле и очень удобны в использовании: достаточно раз в сутки загрузить много ведер угля, и они обогревают приют и ветеринарный центр целый день. Чтобы хвостики зимовали в тепле, нужно много топлива — около 10 тонн угля на каждый холодный месяц.  Мы собираем 472 500 рублей на закупку угля — его хватит, чтобы поддерживать в приюте тепло в течение всего холодного сезона. Давайте подарим животным из приюта теплую зиму. Пусть хвостики смогут спокойно спать в тепле и уюте.",472500,389452,Барнаул,До 31 декабря 2025,"Тристан, котик с непростой судьбой, нашел временный дом в приюте «Ласка», где вместе с ним живут еще 150 котов и почти 700 собак. Для этих животных тепло — это не только комфорт, но и здоровье, особенно в зимние месяцы. Поскольку приют не подключен к центральному отоплению, он отапливается с помощью автономных котлов, работающих на угле. Мы собираем средства на закупку топлива, чтобы обеспечить всем подопечным приюта теплую и уютную зиму.",13
15,Горячая каша для Миртл и других хвостов,"«Иногда кажется, если собака красивая, её никогда не бросят, но это не так. Яркий пример тому — наша Миртл», — говорят волонтёры. Очень долго они надеялись, что красавица-хаски просто потерялась. Шёл второй месяц её жизни в приюте, а Миртл никто не искал. «Мы начали поиск семьи для красотки. И даже нашли. Увы, ненадолго. Через несколько дней Миртл вернули — дома она скулила и мешала хозяевам.  Сейчас наша красавица снова в вольере, рядом с другими собаками. Каждый день ждёт тёплый ужин и, конечно, своего человека». Вот уже больше двадцати лет приют «Ласка» помогает собакам и кошкам, пострадавшим от бездомной жизни. Их обследуют и лечат, стерилизуют и прививают, учат вести себя дома и на улице, заботятся о них и ищут новый дом. Вместе с Миртл в приюте живут больше 650 хвостиков. Каждый день сотрудники приюта варят для них шесть котлов каши объёмом 200 литров. Этого хватает, чтобы накормить всех жителей «Ласки». Сейчас приют «Ласка» собирает 285 000 рублей на 200 мешков крупы. Столько требуется приюту на три холодных месяца. «Зимой наши хвосты получают усиленное питание.  Пока прекрасная Миртл и её неугомонные друзья остаются в приюте и ждут своих людей, мы должны сделать всё, чтобы они были сыты и жили в заботе», — говорят сотрудники приюта. Давайте поможем Миртл и её друзьям перезимовать в тепле. Накормим хвостиков вместе!",285000,220350,Барнаул,До 30 декабря 2025,"В приюте «Ласка» живут больше 650 собак. Чтобы накормить их, каждый день сотрудники варят кашу с мясом. Зимой — шесть котлов объёмом 200 литров каждый, а летом — четыре. Мы собираем деньги, чтобы купить крупу, которой хватит приюту на три зимних месяца сытой жизни. Накормим хвостиков вместе!",13
16,Безопасная жизнь в приюте для Луны и других пушистых подопечных,"Щенок Луна когда-то была домашней, но это резко изменилось. Луна — пушистый маленький комочек иссиня-черного цвета с глазами-пуговками, чистокровный шпиц.  Луна робкая, тихая и очень трогательная. Она никогда не бросится в объятия первой, но стоит провести с ней немного времени, и собака показывает свой ласковый и чуткий характер. Ветеринары обнаружили у щенка серьезные деформации костей бедра, голени и вывих коленных чашечек, поэтому ей тяжело ходить. Возможно, это и стало причиной попадания Луны в приют «Мокрый нос».  «Мы не могли оставить ее в беде. Луна посетила ортопеда, ей сделали КТ. Сейчас она на поддерживающей терапии. Впереди еще много обследований и сложных операций, — рассказывает главный ветеринарный врач-терапевт центра „Мокрый нос“. — Но даже несмотря на то, что у нее много проблем со здоровьем, Луна — чудесная и жизнерадостная собака». Центр «Мокрый нос» — это не просто временный дом, это место, где кошки и собаки, столкнувшиеся с несправедливым отношением, могут чувствовать себя нужными и любимыми. «Мы заботимся о каждом хвостике, который попадает к нам, и стараемся менять жизнь бездомных животных в лучшую сторону», — говорят в приюте. Ветеринары ежедневно оказывают подопечным своевременную медицинскую помощь. Ежемесячные осмотры, вакцинация и обработка от паразитов становятся частью их жизни. Хвостики получают частичку тепла, собственный уголок и еду, за которую не нужно бороться. Но самое главное — они получают шанс на будущее. Приют «Мокрый нос» открыл фонд «Ника». Благодаря команде фонда у бездомных животных появляется шанс попрощаться со своей уличной жизнью, получить лечение и найти любящих хозяев.  Сейчас приюту нужна помощь в замене сломанных ворот. Фонд «Ника» собирает 350 000 рублей на новые ворота.  Пожалуйста, поддержите сбор, чтобы Луна и сотни других хвостиков жили в комфорте и безопасности!",350000,164298,Зеленоград,До 22 января 2026,"Шпица Луну нашли на улице с вывихами лап. Ей тяжело ходить, но сейчас она в надежных руках сотрудников приюта «Мокрый нос». Собака получает терапию, а главное — заботу и внимание. Мы собираем деньги на новые ворота в приют, чтобы сотни хвостиков чувствовали себя в безопасности.",14
17,Поддержим фонд помощи бездомным животным,"Благотворительный фонд «Ника» с 2011 года помогает тысячам бездомных животных, не имеющих дома, пропитания и заботы человека.  За время работы организации зоозащитники нашли любящую семью для 7202 собак и кошек. Еще 2245 животных вылечили, 6321 — стерилизовали. В приютах «Ники» сейчас живет 800 собак и кошек. Фонд разрабатывает и воплощает эффективные и гуманные практики, которые помогают сокращать количество безнадзорных животных на улицах и меняют отношение общества к бездомным животным в целом. «Не все герои носят плащи, — говорят в фонде “Ника”. — Наши герои — самые обычные люди, которые изо дня в день заботятся о попавших в беду хвостиках: волонтеры, фельдшеры, хирурги и сотрудники приютов, работу которых мы невероятно ценим». Мы собираем деньги, которые будут служить для фонда подушкой безопасности. Эти средства помогут покрыть экстренные нужды подопечных, а также административные расходы — аренду, зарплаты сотрудникам и другие важные траты, без которых невозможно обеспечить бесперебойную работу организации.  Важно, что эти траты не могут превышать 20% от нецелевых пожертвований в фонд за один год. А обо всех тратах на деньги из этого сбора фонд отчитается в течение года со дня его завершения.  Давайте поможем зоозащитникам поддерживать тех, кто не может попросить о помощи.",500000,298750,Зеленоград,До 18 марта 2026,"Фонд «Ника» уже 14 лет помогает тысячам кошек и собак, не имеющих дома, пропитания и заботы человека. Давайте поможем зоозащитникам поддерживать тех, кто не может попросить о помощи",14
18,Жизнь без боли для бездомных собак и кошек,"Альме около 12 лет. Когда-то она была домашней собакой и жила со своим любимым хозяином. Но когда его не стало, Альма оказалась в приюте. Несмотря на возраст, она бодрая и активная тетушка — зоозащитники с улыбкой рассказывают о ней. Однако возраст берет свое, и собаку решили отвезти на чекап, чтобы проверить здоровье.  Альма Обследование выявило у Альмы серьезные проблемы с печенью и зубами. Ей провели стоматологическую операцию и назначили лекарства. Теперь Альме нужно регулярно проверяться у ветеринаров, чтобы держать здоровье под контролем. Фонд «Вирта» помогает собакам и кошкам, живущим в приютах. Для кого-то из них здоровье — это шанс найти дом, ведь здорового хвостика легче пристроить. А кто-то, как Альма, проведет в приюте всю оставшуюся жизнь, зато не будет испытывать болей. Фортуна Ранняя диагностика играет здесь важнейшую роль — своевременное обследование помогает вовремя заметить скрытые болезни, избежать осложнений и поддерживать здоровье. Молодой и веселой собаке по кличке Фортуна пять лет. С этого возраста собакам показан регулярный чекап. Одно из таких обследований выявило у нее опухоль молочной железы. К счастью, она оказалась доброкачественной, но теперь необходимо постоянно контролировать ее состояние. Рыжий Йося — добрый и воспитанный пес. У него с рождения не сгибается одна из задних лап. Сама по себе она его не беспокоит, но из-за неправильной нагрузки под удар попала другая лапа. Недавно Йося вновь посетил врача — оказалось, помимо лап у него есть проблемы с печенью. Йося Обследования спасают жизни, помогают вовремя взять болезнь под контроль и избежать хронических состояний. Все это дает животным шанс на долгую жизнь без боли. Фонд «Вирта» собирает 300 000 рублей на полное медицинское обследование для 20 бездомных собак и кошек.  Каждый из хвостатых подопечных пройдет через УЗИ, рентген и анализ крови. Их обследует терапевт, а при необходимости — специалисты узкого профиля. Давайте поможем бездомным животным жить долго и без боли. А если повезет, еще и найти любящий дом.",300000,98382,Москва,До 30 декабря 2025,"Как и людям, животным тоже необходимо регулярно проходить медицинские обследования. Но водить бездомных собак и кошек к ветеринарам попросту некому — к тому же, это дорого. Фонд «Вирта» помогает животным из приютов жить без боли. Организация собирает деньги на комплексный чекап организма для 20 хвостатых подопечных. Давайте их поддержим",15
21,Накормим Вилена и его друзей,"Вилен — помесь хаски и лайки с окрасом волка и хвостом-колечком. Пес живет в приюте четвертый год. Его нашли щенком у магазина, с переломами лапы и трещинами в тазу.  Так у Вилена появился шанс. Его прооперировали в ветеринарной клинике. Вилен прошел реабилитацию, вырос, окреп и стал настоящим красавцем. Вилен обожает гулять, общаться с волонтерами и радостно встречает каждого. Но пока никто не забрал его домой. В селе, где находится приют, предпочитают сторожевых собак. А такие, как Вилен — для души. Вилен Благотворительный фонд «Ключ Добра» взял Вилена под опеку. Помимо него в приюте живут еще 268 хвостиков.  Лесси пять лет. Она — настоящая дама, охотничья собака из рода овернских пойнтеров. Волонтеры нашли ее на улице с большим поражением кожи. В приюте Лесси лечили от укусов подкожного клеща.  Лесси тяжело переживала зиму, потому что мерзла без шерсти. Собаку даже одевали в человеческую одежду, чтобы хоть как-то согреть. Сейчас она здорова, игрива, обожает гулять в лесу, с удовольствием идет на контакт и понимает команды.  Лесси Старичка Каспера нашла в зарослях кустарника сотрудница «Ключа Добра» Виктория. В приюте пса вымыли, сбрили с него огромные колтуны. Через полгода у него отросла новая густая шерсть.  У Каспера плохое зрение, но когда за ним начали ухаживать, он заметно помолодел и стал энергичным. Пес ластится к волонтерам и обожает, когда те дают ему лакомства. Тобика нашли на дороге. Он странно полз. Волонтеры отнесли пса в приют, где ветеринары обследовали его и предположили травму позвоночника. Еще у Тобика проблемы с сердцем, и сейчас он проходит лечение у кардиолога. Несмотря на сложные диагнозы, пес очень ласковый и контактный. Каспер У Вилена, Лесси, Каспера и Тобика одна общая потребность — питание. Летом в Краснодарском крае варить кашу в приюте невозможно: из-за жары она быстро прокисает.  Единственный выход — сухой корм. Его закупают мешками, по 14 килограммов, каждый стоит 2500 рублей. Этого мешка хватает примерно на три дня для 269 собак. Фонд «Ключ Добра» собирает 300 000 рублей, чтобы обеспечить собак приюта полнорационным сухим кормом на месяц. Давайте поможем приюту. Пусть у Вилена, Лесси, Тобика, Каспера и их хвостатых друзей всегда будет миска еды, хорошее самочувствие и шанс дождаться того самого человека!",300000,136910,Краснодар,До 30 января 2026,"Лето в краснодарских приютах для животных — непростое время. В жару невозможно варить кашу, а значит, сотни собак, в том числе пес Вилен, зависят только от сухого корма. Но его катастрофически не хватает. Мы собираем деньги на полнорационный корм для Вилена и сотен других хвостиков.",17
22,Пусть Тристан и его друзья будут здоровы,"«Около пяти лет назад мы нашли на улице обаятельного белоснежного кота. У Тристана — так его звали — был ошейник и даже адресник, но сам котик был в удручающем состоянии. Казалось, о нём совсем не заботились, — рассказывает Олеся Жежель, фельдшер и сооснователь фонда “Ключ добра”. — Мы позвонили по указанному номеру, приехала хозяйка Тристана, пожаловалась, что он всё время гуляет и дерётся с другими котами, но домой его всё же забрала.  А через два дня кто-то встретил Тристана уже в другой части города. Так он и оказался у нас».  Тристана вылечили от ушного клеща, кастрировали и сделали все необходимые прививки. Котик оказался ласковым и дружелюбным с людьми, а вот в компании животных привык доминировать. Тем не менее со временем Тристан научился жить с соседями и нашёл друзей. Вместе с ним в котодоме живут больше 150 котов и кошек.  «За шесть лет работы мы спасли более тысячи животных. Их клички не должны повторяться в отчётах фонда, поэтому имена у наших котиков самые необычные: Амур и Маска, Роза и Мечта, Хрюндель и Сапожок.  У каждого из них были трудные времена, но сейчас котики в безопасности, они сыты и под присмотром». «Котодом» — убежище для котиков, обустроенное в обычном деревенском доме с печкой. Для его жителей соорудили мансарду на чердаке и пристроили террасу — «котариум». Хвостики свободно перемещаются по «котодому», спят на мягких лежанках и играют друг с другом. Индивидуальные вольеры здесь тоже есть, для котиков с хроническими заболеваниями. «Здесь у них всегда есть еда, медицинская помощь, когда она нужна, лекарства и обработки — строго по расписанию, — говорит директор фонда Алёна Николаева. — В радиусе двухсот километров нет приютов, информацию о пострадавших на улице животных мы получаем днём и ночью, “новенькие” поступают каждый день. Наша помощь для них — единственных шанс на жизнь». Сейчас благотворительный фонд «Ключ добра» собирает 490 000 рублей, чтобы ветеринары продолжали спасать животных. Деньги пойдут на покупку лекарств, вакцин и медицинских «расходников».  Пусть хвостики в беде вовремя получат помощь!  ",490000,382277,Краснодар,До 28 декабря 2025,"«В радиусе двухсот километров нет других приютов, информацию о пострадавших на улице животных мы получаем днём и ночью. Наша помощь для них — единственных шанс на жизнь», — говорят в фонде «Ключ добра». Зоозащитники собирают деньги на вакцины и лекарства для пушистых пациентов. Пусть бездомные хвостики не остаются одни!",17
23,«Бэтмобиль»: поддержим скорую помощь для бездомных животных,"Когда-то «Бэтмобилем» была старая белая «четверка» — вся в заплатах и следах долгих дорог. Она прошла сотни километров по бездорожью, чтобы спасти животных.  Потом ее место заняла верная «Тойота», и теперь она продолжает дело своего предшественника — без сна и выходных. «Бэтмобиль» может сорваться посреди ночи, если поступает звонок: на трассе в Краснодарском крае сбили собаку или на окраине нашли кошку с травмой. 60 километров до города, где есть ветеринары узких специальностей — не расстояние, когда речь идет о спасении. «Почему “Бэтмобиль”?» — часто спрашивают волонтеры и новые друзья фонда. Потому что это действительно герой — надежный и всегда готовый к подвигу. У него нет ни мигалок, ни суперсилы, но есть главное — большая миссия. За год «Бэтмобиль» спасает десятки бездомных животных, помогает доставить сотни килограммов корма и медикаментов, перевозит собак и кошек в новые семьи. Он — связующее звено между добром и теми, кто в нем нуждается. Один из спасенных волонтерами хвостиков — пес Алтай, который лежал на холодном крыльце и трясся от судорог. Он стойко перенес долгие месяцы лечения и теперь живет в любящей семье в Санкт-Петербурге, спит на мягком диване, гуляет по набережной и больше не знает, что такое страх.  Именно «Бэтмобиль» доставил его к новой жизни. Таких историй — десятки. Каждая поездка — шанс, который нельзя упустить. Но чтобы машина-спасатель продолжала свои рейсы, ей нужна поддержка. Бензин для «Бэтмобиля» обходится фонду в 30 000 рублей ежемесячно. Фонд «Ключ Добра» собирает 360 000 рублей на годовую заправку «Бэтмобиля». Давайте вместе поддержим сбор — пусть «Бэтмобиль» продолжает спасать бездомных животных!",360000,124623,Краснодар,До 14 февраля 2026,"«Бэтмобиль» — это машина-спасатель, которая вместо злодеев побеждает боль, холод и одиночество. Каждый день она возит пострадавших бездомных животных в ветеринарные клиники Краснодара, доставляет еду и лекарства сотням подопечным фонда «Ключ Добра» и помогает хвостикам обрести семью. Мы собираем деньги на годовую заправку «Бэтмобиля». Пусть помощь не останавливается!",17
25,Дом для Воли и десятков других хвостиков,"Волонтеры нашли Волю два года назад в Москве, в парке Кузьминки, туго привязанным к высокой ветке. Пес был в ошейнике с металлическими шипами. Целые сутки Воля провел без еды и воды, не мог ни присесть, ни прилечь.  Спасательная операция заняла несколько часов — пес нуждался в помощи, но очень боялся людей и никого к себе не подпускал. Когда Волю удалось снять с привязи, его увезли в Центр «РусДог». Уже 10 лет «РусДог» оказывает полный цикл спасения животных, попавших в беду: от экстренной помощи до социализации и устройства в семью. Сейчас в приюте живут больше 90 собак. Каждый день о них заботятся сотрудники Центра: кормят, выгуливают, адаптируют и оказывают медицинский уход.  Воля долго ждал, когда хозяин за ним вернется. И когда окончательно понял, что этого не произойдет, у него открылось аутоиммунное заболевание. Пес стремительно терял вес. Сотрудники «РусДога» консультировались с разными ветеринарами, те корректировали лечение, но собака продолжала угасать.  «Тогда всей командой мы сказали Воле: „Если хочешь уйти — это твой выбор. Но если решишь жить — доверься. Мы вылечим тебя и найдем лучшего человека“. В ответ Воля положил лапу на руку старшего сотрудника приюта», — вспоминают в Центре. А потом случилось настоящее чудо: пес перестал терять вес, а спустя время и вовсе стал упитанным. Сегодня Воля снова здоров. Он ждет того, кому снова сможет довериться. «Поиск дома для животных — часто непредсказуемый процесс. Он может занимать от нескольких недель до многих лет. Важно, что в этот период животные не одни, о них постоянно заботятся», — говорят в «РусДоге» Сейчас благотворительная организация «РусДог» собирает 189 948 рублей, чтобы оплатить месяц аренды участка, на котором находится приют.  Пусть у Воли и десятков других хвостиков будет крыша над головой, забота и тепло!",189948,55710,Москва,До 1 февраля 2026,"Пса Волю нашли в парке истощенным и напуганным. Только спустя несколько дней волонтерам удалось увезти его в центр для животных «РусДог» — собака никого к себе не подпускала. Сейчас он здоровый, сытый и очень ждет любящую семью. Мы собираем деньги на оплату месяца аренды участка, на котором расположен Центр, чтобы хвостики оставались в тепле. ",19
26,Собака-поводырь для незрячего человека,"«Когда я потеряла зрение, больше всего боялась, что уже не смогу выйти в большой мир. Честер порвал на клочки все мои страхи, — рассказывает Светлана. — Теперь я точно знаю: что бы ни произошло, мы с ним справимся, найдём выход из любой ситуации, в любых незнакомых пространствах.  Я была самостоятельным человеком, но то, что происходит со мной сейчас, — это выход на новый, просто космический уровень». Собака-проводник Честер появился у Светы около четырёх лет назад: «С ним в моей жизни не просто стало больше путешествий.  Командировки — теперь часть моей работы. А ведь раньше даже выйти за пределы своего района для меня было настоящим испытанием». Зайти в ближайший магазин, сесть в автобус и проехать несколько остановок, подняться на третий этаж и попасть на приём к терапевту — незрячие люди, как и все остальные, справляются с такими маленькими «вызовами» каждый день, они научились и привыкли.  Каждый адаптируется по-своему: одним для перемещения по городу достаточно белой трости, другим нужен сопровождающий. А иногда «глазами» незрячего человека становится собака-проводник. Она помогает безопасно перемещаться по городу — такие собаки обучены видеть потенциально опасные препятствия и предупреждать о них хозяина. С поддержкой собаки-поводыря незрячий человек ходит по городу значительно быстрее.  А главное, с ней он снова может почувствовать себя самостоятельным и больше не зависеть от других людей. Уже 20 лет учебно-кинологический центр «Собаки-помощники» готовит собак-проводников и бесплатно передаёт их людям с инвалидностью по зрению. «Всё начинается с выбора и покупки щенка породы лабрадор — именно они становятся лучшими помощниками для незрячих людей. Мы тщательно отбираем щенков — лишь один из десяти сможет успешно работать в качестве поводыря.  Сначала щенка берёт к себе домой волонтёр, чтобы малыш привык и научился жить в семье. Обучение в школе поводырей начинается, когда собаке исполняется год, и продолжается шесть-восемь месяцев», — рассказывает Наталья Рафиева, тренер-дрессировщик Центра «Собаки-помощники». Собаки проходят общий и специальный курсы дрессировки и только после этого встречаются со своим будущим незрячим хозяином. «Мы подбираем пары, учитывая индивидуальные особенности и человека, и его собаки. А обучаются у нас не только лабрадоры — их незрячие хозяева тоже проходят обязательный курс. Наши кураторы регулярно навещают выпускников центра, которые живут в разных регионах страны, и во всём им помогают». Получить собаку-поводыря — непростая задача. В России, где живут больше 200 000 незрячих и слабовидящих людей, работают всего две школы собак-проводников. Учебно-кинологический центр «Собаки-помощники» — одна из них.  Каждый год центр выпускает 25 собак-помощников. Чтобы стать хозяином такой собаки, придётся ждать не меньше двух лет — в очереди около ста человек. Сейчас учебно-кинологический центр «Собаки-помощники» собирает 340 413 рублей, чтобы оплатить первые два этапа подготовки собаки-проводника. Во-первых, тренер-методист сможет протестировать щенка и купить лучшего для дальнейшего обучения. Во-вторых, специалисты смогут воспитать щенка: социализировать его в домашних условиях и подготовить к началу дрессировки.  Давайте поддержим этот важный проект.  Пусть у ещё одного незрячего человека появится уникальный помощник и преданный друг.",340411,85470,Балашиха,До 28 декабря 2025,"«Я точно знаю: что бы ни произошло, мы с Честером справимся», — говорит Светлана. Для незрячих людей собака-проводник — не просто лучший друг и самый важный помощник. С ней человек с инвалидностью по зрению может почувствовать себя самостоятельным и больше не зависеть от других. Мы собираем деньги на обучение собаки-проводника. Чтобы ещё один незрячий человек обрёл друга и почувствовал себя увереннее.",20
27,"Спасение для животных, попавших в беду","Работа в социальной ветеринарной клинике сильно отличается от будней обычной ветлечебницы. Пациенты здесь — бездомные животные или питомцы малообеспеченных людей, которые не могут позволить себе лечение в коммерческих клиниках. Персонал не только лечит собак и кошек, но и помогает им социализироваться. Ведь это не домашние ласковые питомцы, а в основном крупные уличные псы, осторожные взрослые коты и дикие котята, которые не привыкли доверять человеку. «Утром я — директор и подписываю документы, днем — ветеринарный врач и принимаю пациентов, вечером — сварщик: чиню вольеры в приюте, — рассказывает Анна, директор клиники «Маленькая жизнь» — А на выходных становлюсь дальнобойщиком, потому что нужно везти собаку со сложной травмой на операцию в крупный город за 500 километров. Ах да, и где-то между всем этим надо заскочить в школу и провести урок о гуманном отношении к животным». В штате всего шесть человек: директор — она же врач, хирург, администратор, ассистент врача, грумер и фандрайзер. В отдаленном от столицы регионе — клиника базируется в Магнитогорске, трудно найти специалистов, особенно в некоммерческую организацию — поэтому здесь каждый учится на ходу, осваивая сразу несколько ролей. «Раньше работала инженером-энергетиком на металлургическом заводе, — рассказывает Елена. — Пришла в “Маленькую жизнь” как волонтер, помогать с соцсетями. А потом — бах, и я уже фандрайзер, еще и зоопсихолог по совместительству. Раньше я и слова-то такого не знала — “фандрайзер”. А теперь ищу средства на спасение бездомных животных». Несмотря на высокую нагрузку, ответственность и огромный эмоциональный труд, сотрудники работают в основном на энтузиазме — за символическую зарплату. Сейчас для клиники особенно важно сохранить свою команду. Благотворительная организация «Маленькая жизни» собирает 300 000 рублей — эта сумма покроет зарплаты всех сотрудников примерно на два месяца и даст возможность продолжить ежедневную работу: лечить, спасать, социализировать, учить, поддерживать животных. Давайте поддержим команду, которая каждый день делает невозможное и спасает жизни тех, кто в беде.",300000,66102,Магнитогорск,До 1 января 2026,"В социальной ветеринарной клинике «Маленькая жизнь» лечат тех, кого не примут в обычной — бездомных животных и питомцев малообеспеченных людей. Здесь работают шесть человек — все они совмещают сразу несколько ролей, чтобы спасать животных, лечить их и возвращать доверие к людям. Мы собираем деньги на оплату труда тех, чья работа — не просто профессия, а ежедневная борьба за жизни. ",21
28,Шанс на здоровье для сотен бездомных кошек,"Волонтеры подобрали ухоженную, красивую кошку серого окраса в начале марта. Она сидела у подъезда и испуганно оглядывалась. «С первой встречи было понятно, что перед нами — домашняя кошка, — рассказывают зоозащитники. — Дело было в начале марта, и кошка, не привыкшая к улице, могла замерзнуть и погибнуть». Как именно она оказалась на улице, неизвестно. Зоозащитники предполагают, что бывшие владельцы либо специально выпустили ее на прогулку, либо не заметили, как питомец выбежал в подъезд. «Это очень распространенная история, — рассказывает зоозащитник Елена. — Не задумываясь о последствиях, люди выпускают кошек на “самовыгул”, где они часто теряются — испугавшись собак или машин, или просто так». Кошку забрали в клинику организации помощи животным «Маленькая жизнь» — проверили на наличие чипа, сделали фотографии, развесили объявления по району и разместили посты в соцсетях. Прошло пять дней, но никто не откликнулся. Так у кошки появилось имя — Сури. И второй шанс. «Она невероятно ласковая. Сразу тянется к человеку, мурчит, когда берешь на руки. Видно, что привыкла к дому и ласке. Вероятно, и в роду у нее были породистые кошки — широкий лоб, плотные лапки, красивый окрас», — говорит Елена. Сури обработали от паразитов, привили и стерилизовали. Теперь ей ищут новую семью. Но животных, как Сури, — сотни. Через организацию помощи животным «Маленькая жизнь» ежегодно проходят до 500 кошек и котов. Кто-то оказался на улице из-за неосторожности, кто-то — потому что «семья переехала», «началась аллергия», или просто — «надоел». Один из таких котов — Крис. Владельцы на несколько дней оставили его в квартире одного, без еды и воды. Когда соседи обнаружили Криса, он еле стоял на лапах и походил на скелет, обтянутый кожей. Сейчас Крис получает усиленное питание, витамины и заботу. Когда окрепнет, его стерилизуют, привьют и начнут искать дом.  Кому-то везет сразу — как еще одному подопечному организации, коту по кличке Рыжий. «Он только-только отходил от наркоза после стерилизации, когда на объявление о поиске ему нового дома откликнулась замечательная семья, — рассказывают зоозащитники. — Другим животным везет меньше, и они годами ждут шанса стать домашними». Организация помощи бездомным животным «Маленькая жизнь» собирает 350 000 рублей на оплату лечения, стерилизации и вакцинации бездомных кошек и котов. Часть собранных денег пойдет на лекарства, корм и уход за животными, которые ждут своего человека. Давайте подарим животным, попавшим в беду, шанс на здоровье и любящую семью!",350000,209570,Магнитогорск,До 30 января 2026,"Сури — домашняя кошка, которую волонтеры нашли у подъезда ранней весной. Ее стерилизовали и привили, теперь она живет в приюте при благотворительной организации «Маленькая жизнь». Каждый день через команду проходят десятки бездомных кошек и котов: с тяжелыми болезнями, раненых и потерянных. Мы собираем деньги на лечение и операции для хвостатых пациентов. Давайте подарим животным, попавшим в беду, шанс на здоровье и любящую семью!",21
29,Сохраним дом для Юхи и его соседей,"«Юха очень любит людей. Он всегда первым встречает наших гостей. Постоянно прыгает около двери, чтобы его заметили. Но пока его никто не выбирает», — рассказывает Надежда, администратор приюта «Преданное сердце».  Много лет Юха жил вместе с любимой хозяйкой, а когда её не стало, оказался на улице. Котика взяла другая семья, но у новых хозяев началась аллергия. Так Юха попал в приют. Он долго не мог смириться с такой несправедливостью: плохо ел, нервничал, от постоянного стресса начал болеть. Сейчас Юха почти привык к новой реальности, но ему всё ещё сложно жить среди других хвостиков. «Преданное сердце» — временный дом для тех, кто остался совсем один. Вместе с Юхой в приюте живут пять сотен кошек.  Здесь их обследуют и лечат, помогают прийти в себя после всего пережитого и крепко встать на лапы. В приюте есть стационар и карантинная зона, детский сад для котят и пространство для взрослых хвостиков. Сейчас «Преданное сердце» собирает 248 780 рублей на оплату двух месяцев аренды помещения, в котором находится приют. «Аренда — серьёзная статья расходов. Не самая очевидная для тех, кто нам помогает, но одна из самых важных. Ведь без крыши над головой наши герои не смогут восстановиться после жизни на улице, им негде будет ждать своих людей»,— говорит Наталия Авласевич, директор «Преданного сердца». Давайте поможем сохранить дом для Юхи и его соседей. Пусть хвостики живут в тепле и заботе!",248780,174346,Санкт-Петербург,До 21 февраля 2026,"«Приют “Преданное сердце” — это временный дом для тех, кто остался совсем один», — говорят волонтёры. Здесь живёт Юха, который потерял любимую хозяйку. Радость, спасённая после аварии на дороге. Клара, которую оставили в подъезде. И ещё пять сотен бездомных хвостов. Мы собираем деньги на оплату аренды приюта, чтобы сохранить для них дом. Пусть Юха и его соседи живут в тепле и обязательно станут домашними. ",22
30,Защитим сотни бездомных хвостиков от паразитов,"«Когда мы впервые достали кошку Селфи из переноски, долго не могли понять, какого она цвета, — рассказывает ветеринар приюта “Преданное сердце” Марина. — То ли серая, то ли дымчатая. Оказалось, белая. Настолько шерсть была испачкана сажей и грязью». Селфи волонтеры нашли в вагонном депо. Там, где копоть, шум и много опасностей. Кошка была не одна, а с четырьмя котятами, и совсем не собиралась покидать свое жилище. Пришлось приложить немало усилий, чтобы отвезти отважную мать-кошку с детьми в новую лучшую жизнь. «Первое, с чем мы столкнулись — это паразиты. Блохи, ушные клещи, глисты. И у Селфи, и у котят. Это само по себе подрывает здоровье и истощает животное. А еще в таком состоянии кошку нельзя прививать и лечить от опасных инфекций», — объясняет Марина. Антипаразитарные препараты нужны не только для первичной обработки животных, попавших в приют, но и для профилактики. В «Преданном сердце» сейчас живут 500 кошек, и каждой из них нужны специальные лекарства для повторной обработки. Приют «Преданном сердце» собирает 231 320 рублей на покупку 400 упаковок антипаразитарных средств для бездомных кошек.  «Будем очень признательны за помощь, — говорит директор приюта Наталия Авласевич. — Такие препараты нужны постоянно, и они быстро заканчиваются. Чтобы животные были под защитой и не страдали от блох и гельминтов, нам нужно оперативно пополнять запасы антипаразитарных препаратов». Давайте поддержим приют — пусть все хвостики будут под надежной защитой!",231320,107015,Санкт-Петербург,До 7 января 2026,"В приют «Преданное сердце» попадают животные с разной судьбой. Кто-то прожил на улице всю жизнь, кто-то лишился дома из-за трагических обстоятельств. Часто они заражены гельминтами и блохами, которые истощают организм и приводят к другим серьезным болезням. Мы собираем деньги на большой запас лекарств для обработки кошек от паразитов. Пусть хвостики остаются здоровыми!",22
31,Лечебный корм для Хани и сотен других хвостиков,"Хани когда-то жила дома. Ласковая и ухоженная кошка, она привыкла доверять людям. Но все изменилось, когда у нее появились проблемы с пищеварением.  Постоянные боли, рвота и запоры стали для ее хозяев «слишком сложной задачей». Разбираться, лечить или консультироваться с врачами никто не захотел. Вместо этого Хани просто отвезли в приют. Для животного, привыкшего к дому, это огромный стресс. Но в «Преданном сердце» Хани впервые получила то, что ей было действительно нужно: заботу и лечебный корм.  Правильное питание быстро помогло кошке прийти в себя. Теперь она живет без постоянной боли, может спокойно есть и радоваться жизни. История Хани — не исключение. В приюте «Преданное сердце» живут десятки кошек с такими же проблемами.  У кого-то — хронические заболевания ЖКТ, у кого-то — последствия неправильного питания на улице. Многие из хвостиков когда-то ели все, что удавалось найти в мусорных баках.  Поэтому лечебный корм — не каприз, а необходимость. Без него у животных начинаются мучительные боли, расстройства желудка и аллергии. «Без специального питания нашим хвостикам никак нельзя, — говорит Марина, ветеринар приюта. — Мы сразу переводим на лечебный корм всех, кто к нам попадает. Это помогает животным быстрее восстановить силы и избежать осложнений». Корм в приюте улетает очень быстро. Хани и ее собратья учатся снова доверять людям и радоваться каждому дню. А это возможно только тогда, когда желудок не болит, а миска наполнена здоровой едой. Фонд «Преданное сердце» собирает 270 480 рублей на покупку 160 килограммов лечебного корма для кошек с заболеваниями ЖКТ. Давайте поддержим сбор — пусть Хани и ее друзья живут без боли! ",270480,163186,Санкт-Петербург,До 17 января 2026,В приют «Преданное сердце» часто попадают кошки с болезнями желудка и кишечника. Каждое принятие пищи превращается для них в испытание. Причина этому — неправильный рацион. Мы собираем деньги на лечебный корм. Пусть хвостики будут здоровыми!,22
